{
  "id": "trackId",
  "name": "trackName",
  "start": 1756000090451,
  "end": 1756000139716,
  "duration": 50,
  "distance": 13,
  "altitudeUp": 0,
  "altitudeDown": 0,
  "averageSpeed": 0.5401661992073059,
  "minSpeed": 0.0,
  "maxSpeed": 1.2963988780975342,
  "filePath": "/data/user/0/io.mityukov.geo.tracking/files/tracks/24.08.2025 08:48:10.gpx"
}